<Name> Nikos Zisis </Name>
<AFM> 130456094 </AFM>
<Status> Single </Status>
<Income> 40000.0 </Income>
<Receipts>

<ReceiptID> 16 </ReceiptID>
<Date> 12/12/12 </Date>
<Kind> Entertainment </Kind>
<Amount> 500.0 </Amount>
<Company> hahauwi </Company>
<Country> 2ewfg </Country>
<City> 32ft3 </City>
<Street> 32f2fg </Street>
<Number> 1 </Number>

<ReceiptID> 10 </ReceiptID>
<Date> 12/3/1998 </Date>
<Kind> Travel </Kind>
<Amount> 2000.0 </Amount>
<Company> gsgsga </Company>
<Country> sjsjdkw </Country>
<City> jejwejka </City>
<Street> jejwekql </Street>
<Number> 110 </Number>

<ReceiptID> 11 </ReceiptID>
<Date> 14/12/1998 </Date>
<Kind> Entertainment </Kind>
<Amount> 500.0 </Amount>
<Company> hshhaj </Company>
<Country> wjdq </Country>
<City> 21e1 </City>
<Street> jsjoq </Street>
<Number> 1 </Number>

