<Name> Apostolos Zarras </Name>
<AFM> 130456093 </AFM>
<Status> Married Filing Jointly </Status>
<Income> 22570.0 </Income>
<Receipts> 

<ReceiptID> 1 </ReceiptID>
<Date> 7/12/2022 </Date>
<Kind> Entertainment </Kind>
<Amount> 567.0 </Amount>
<Company> jsjsj </Company>
<Country> kek3kq </Country>
<City> kwkk22 </City>
<Street> o2o2 </Street>
<Number> 110 </Number>

<ReceiptID> 5 </ReceiptID>
<Date> 3/5/2014 </Date>
<Kind> Other </Kind>
<Amount> 600.0 </Amount>
<Company> Toys Store </Company>
<Country> Greece </Country>
<City> Ioannina </City>
<Street> Omhrou </Street>
<Number> 5 </Number>

<ReceiptID> 6 </ReceiptID>
<Date> 12/12/2022 </Date>
<Kind> Travel </Kind>
<Amount> 550.0 </Amount>
<Company> jwkj2 </Company>
<Country> kswk2 </Country>
<City> jdj33 </City>
<Street> jkkjqwk </Street>
<Number> 0 </Number>

